{
    "simulation": {
        // Wave Parameters // 1108.36s
        "Hs": [2.80625, 2.80625, 2.80625, 2.80625, 2.80625, 2.80625, 2.80625, 2.80625, 4.41875, 4.41875, 4.41875, 4.41875, 4.41875, 4.41875, 4.41875, 4.41875, 6.03125, 6.03125, 6.03125, 6.03125, 6.03125, 6.03125, 6.03125, 6.03125, 7.64375, 7.64375, 7.64375, 7.64375, 7.64375, 7.64375, 7.64375, 7.64375, 9.25625, 9.25625, 9.25625, 9.25625, 9.25625, 9.25625, 9.25625, 9.25625, 10.86875, 10.86875, 10.86875, 12.48125, 12.48125, 12.48125, 14.09375, 14.09375],
        "Tp": [5.39375, 7.58125, 9.76875, 11.95625, 14.14375, 16.33125, 18.51875, 20.70625, 5.39375, 7.58125, 9.76875, 11.95625, 14.14375, 16.33125, 18.51875, 20.70625, 7.58125, 9.76875, 11.95625, 14.14375, 16.33125, 18.51875, 20.70625, 7.58125, 9.76875, 11.95625, 14.14375, 16.33125, 18.51875, 20.70625, 9.76875, 11.95625, 14.14375, 16.33125, 18.51875, 20.70625, 11.95625, 14.14375, 16.33125, 18.51875, 20.70625, 14.14375, 16.33125, 18.51875, 14.14375, 16.33125, 18.51875, 16.33125, 18.51875],
        "gamma": [3.3, 3.3, 3.3, 3.3, 3.3, 3.3, 3.3, 3.3, 3.3, 3.3, 3.3, 3.3, 3.3, 3.3, 3.3, 3.3, 3.3, 3.3, 3.3, 3.3, 3.3, 3.3, 3.3, 3.3, 3.3, 3.3, 3.3, 3.3, 3.3, 3.3, 3.3, 3.3, 3.3, 3.3, 3.3, 3.3, 3.3, 3.3, 3.3, 3.3, 3.3, 3.3, 3.3, 3.3, 3.3, 3.3, 3.3, 3.3],
        "depth": [50, 50, 50, 50, 50, 50, 50, 50, 50, 50, 50, 50, 50, 50, 50, 50, 50, 50, 50, 50, 50, 50, 50, 50, 50, 50, 50, 50, 50, 50, 50, 50, 50, 50, 50, 50, 50, 50, 50, 50, 50, 50, 50, 50, 50, 50, 50, 50],

        // Domain Parameters
        "length": 5000,
        "gravity": 9.81,

        // Simulation parameters
        "modes": 512,
        "mHOS": 8,

        // Temporal Parameters
        "time": 200,
        "step_size": 0.025,
        "output_interval": 20,
        "Ta": 50
    }
}
  