{
   "simulation": {
        // Wave Parameters
        "Hs": [
            2.32002472, 2.17607331, 4.18272271, 6.22103333, 2.35632001, 5.0053497,
            6.7562386, 4.94800927, 6.14183766, 4.69876985, 2.03649012, 4.81686085,
            3.27996651, 3.8604042, 5.95824263, 5.31192824, 6.90251298, 2.8162175,
            5.08244948, 3.02808355, 4.91817184, 6.07740446, 6.87719947, 2.17245835,
            5.77984382, 3.58804171, 6.47466741, 5.89325598, 2.48115369, 3.41095605,
            2.92239365, 2.23665799, 6.7155971, 2.80956143, 4.18208996, 4.28610277,
            4.2402194, 3.38152807, 4.11310515, 4.17887592, 5.0340083, 5.78893007,
            5.38410517, 4.39742298, 2.44650599, 4.89348021, 4.08846247, 2.37922048,
            4.25707224, 6.49115463, 5.86725662, 4.09793866, 3.40640584, 5.91643999,
            6.54996184, 3.95410202, 4.35534822, 2.3336881, 6.37172578, 2.23931895,
            2.32259673, 2.04620723, 5.72560209, 6.17565797
        ],
        "Tp": [
            10.66729766, 11.45348372, 10.84908646, 11.62525821, 11.29025864, 10.67807546,
            10.81224107, 10.86009456, 10.51316371, 11.35247086, 11.07335171, 10.91551741,
            10.70458405, 10.83844205, 11.68865871, 10.14011528, 11.30741801, 10.51398537,
            11.77613859, 11.91060316, 10.93947035, 11.85261421, 10.14145601, 11.88697406,
            11.83151269, 10.616836, 11.12933815, 10.85033196, 11.04149232, 10.58303858,
            11.88332899, 11.25670426, 10.40082305, 10.27147176, 11.97085729, 11.70946958,
            11.6484303, 10.17190062, 10.54231936, 10.50078565, 10.00406643, 11.95114352,
            11.54175218, 10.02103675, 10.2237707, 11.38665097, 10.05021394, 11.79049782,
            10.69654661, 10.97905188, 10.03956499, 11.99355193, 10.43075152, 10.81063451,
            10.74996263, 11.28830381, 11.24225769, 11.47093326, 10.97447716, 11.27848095,
            11.21309705, 10.28244857, 10.38432048, 10.61338494
        ],
        "gamma": [
        5.09876841, 5.08157858, 5.34864416, 5.63615218, 5.88708012, 5.01193477,
        5.93140696, 5.46903256, 5.66988397, 5.01676391, 5.76906378, 5.96412179,
        5.30964201, 5.27624417, 5.79561294, 5.7158428, 5.33764831, 5.26476746,
        5.53406432, 5.39710143, 5.15765819, 5.02806415, 5.77707532, 5.93618814,
        5.97176406, 5.98868139, 5.29880662, 5.82266746, 5.20731177, 5.54811277,
        5.71976428, 5.19888208, 5.41254766, 5.73148341, 5.15247344, 5.4681203,
        5.05118296, 5.30960503, 5.95435698, 5.17050983, 5.83577275, 5.53429938,
        5.70765999, 5.32937023, 5.78633074, 5.93428673, 5.95187918, 5.37549261,
        5.22108695, 5.98662534, 5.85279143, 5.77047338, 5.70352807, 5.67920045,
        5.43157037, 5.54620377, 5.79312688, 5.76241602, 5.18280772, 5.22227618,
        5.41266203, 5.89581313, 5.11454293, 5.21004316
        ],
        "depth": [
        50, 50, 50, 50, 50, 50, 50, 50,
        50, 50, 50, 50, 50, 50, 50, 50,
        50, 50, 50, 50, 50, 50, 50, 50,
        50, 50, 50, 50, 50, 50, 50, 50,
        50, 50, 50, 50, 50, 50, 50, 50,
        50, 50, 50, 50, 50, 50, 50, 50,
        50, 50, 50, 50, 50, 50, 50, 50,
        50, 50, 50, 50, 50, 50, 50, 50
        ],

        // Domain Parameters
        "length": 3000,
        "gravity": 9.81,

        // Simulation parameters
        "modes": 512,
        "mHOS": 8,

        // Temporal Parameters
        "time": 1000,
        "step_size": 0.025,
        "output_interval": 50,
        "Ta": 50
    }
}