{
   "simulation": {
        // Wave Parameters
        "Hs": [4.265046, 6.000161, 4.079688, 3.196810, 5.387836, 3.831253, 3.182174, 6.161137,
            5.448117, 3.402357, 2.684353, 2.666088, 6.305864, 2.538854, 3.974338, 6.349940],
        "Tp": [7.152467, 7.221204, 7.065874, 7.203308, 7.069568, 7.979972, 7.463590, 7.304202,
            7.240296, 7.709557, 7.828844, 7.934159, 7.738987, 7.021543, 7.533564, 7.204701],
        "gamma": [3.3, 3.3, 3.3, 3.3, 3.3, 3.3, 3.3, 3.3,
                3.3, 3.3, 3.3, 3.3, 3.3, 3.3, 3.3, 3.3],
        "depth": [50, 50, 50, 50, 50, 50, 50, 50,
                50, 50, 50, 50, 50, 50, 50, 50],

        // Domain Parameters
        "length": 5000,
        "gravity": 9.81,

        // Simulation parameters
        "modes": 512,
        "mHOS": 8,

        // Temporal Parameters
        "time": 1075,
        "step_size": 0.025,
        "output_interval": 20,
        "Ta": 100
    }
}
  